"Date","Price","Open","High","Low","Vol.","Change %"
"09/01/2024","220.82","228.55","229.00","217.48","179.07M","-3.57%"
"08/25/2024","229.00","226.76","232.92","223.89","209.49M","0.95%"
"08/18/2024","226.84","225.72","228.34","223.04","188.12M","0.35%"
"08/11/2024","226.05","216.07","226.83","215.60","214.90M","4.54%"
"08/04/2024","216.24","199.09","216.78","196.00","342.09M","-1.65%"
"07/28/2024","219.86","216.96","225.60","215.75","296.06M","0.87%"
"07/21/2024","217.96","227.01","227.78","214.62","242.93M","-2.83%"
"07/14/2024","224.31","236.48","237.23","222.27","278.40M","-2.70%"
"07/07/2024","230.54","227.09","233.08","223.25","287.64M","1.86%"
"06/30/2024","226.34","212.09","226.45","211.92","216.23M","7.46%"
"06/23/2024","210.62","207.72","216.07","206.59","335.97M","1.51%"
"06/16/2024","207.49","213.37","218.95","207.11","506.26M","-2.35%"
"06/09/2024","212.49","196.90","220.20","192.15","635.76M","7.92%"
"06/02/2024","196.89","192.90","196.94","192.52","245.99M","2.41%"
"05/26/2024","192.25","191.51","193.00","189.10","230.45M","1.19%"
"05/19/2024","189.98","189.32","192.82","186.63","208.65M","0.06%"
"05/12/2024","189.87","185.43","191.10","184.62","288.97M","3.73%"
"05/05/2024","183.05","182.35","185.09","180.42","300.68M","-0.18%"
"04/28/2024","183.38","173.37","187.00","169.11","441.93M","8.32%"
"04/21/2024","169.30","165.51","171.34","164.77","241.30M","2.61%"
"04/14/2024","165.00","175.36","176.63","164.07","309.42M","-6.54%"
"04/07/2024","176.55","169.03","178.36","167.11","322.33M","4.11%"
"03/31/2024","169.58","171.19","171.92","168.23","239.07M","-1.11%"
"03/24/2024","171.48","170.57","173.60","169.45","237.62M","-0.46%"
"03/17/2024","172.28","175.57","178.67","170.06","361.58M","-0.20%"
"03/10/2024","172.62","172.94","174.38","170.29","367.12M","1.11%"
"03/03/2024","170.73","176.15","176.90","168.49","393.26M","-4.97%"
"02/25/2024","179.66","182.24","183.92","177.38","354.39M","-1.57%"
"02/18/2024","182.52","181.79","185.04","180.00","192.61M","0.12%"
"02/11/2024","182.31","188.41","188.67","181.35","268.13M","-3.46%"
"02/04/2024","188.85","188.15","191.05","185.84","252.72M","1.61%"
"01/28/2024","185.85","192.01","192.20","179.25","325.91M","-3.41%"
"01/21/2024","192.42","192.30","196.38","191.94","255.54M","0.45%"
"01/14/2024","191.56","182.16","191.95","180.30","259.83M","3.03%"
"01/07/2024","185.92","182.09","187.05","181.50","238.38M","2.62%"
"12/31/2023","181.18","187.15","188.44","180.17","275.27M","-5.90%"
"12/24/2023","192.53","193.61","194.66","191.09","153.73M","-0.55%"
"12/17/2023","193.60","196.09","197.68","192.97","232.34M","-2.01%"
"12/10/2023","197.57","193.11","199.62","191.42","379.42M","0.95%"
"12/03/2023","195.71","189.98","195.99","187.45","251.99M","2.34%"
"11/26/2023","191.24","189.92","192.09","188.19","216.48M","0.67%"
"11/19/2023","189.97","189.89","192.93","189.25","148.35M","0.15%"
"11/12/2023","189.69","185.82","190.96","184.21","262.88M","1.77%"
"11/05/2023","186.40","176.38","186.57","176.21","303.65M","5.52%"
"10/29/2023","176.65","169.02","177.78","167.90","310.08M","5.01%"
"10/22/2023","168.22","170.91","174.01","165.67","286.08M","-2.70%"
"10/15/2023","172.88","176.75","179.07","172.64","288.38M","-3.34%"
"10/08/2023","178.85","176.81","182.34","175.80","241.84M","0.77%"
"10/01/2023","177.49","171.22","177.99","170.82","260.57M","3.67%"
"09/24/2023","171.21","174.20","176.97","167.62","285.84M","-2.05%"
"09/17/2023","174.79","176.48","179.70","173.86","297.40M","-0.13%"
"09/10/2023","175.01","180.07","180.30","173.58","403.75M","-1.78%"
"09/03/2023","178.18","188.28","189.98","173.54","305.13M","-5.95%"
"08/27/2023","189.46","180.09","189.92","178.54","264.20M","6.07%"
"08/20/2023","178.61","175.07","181.55","173.74","247.51M","2.36%"
"08/13/2023","174.49","177.97","179.69","171.96","261.50M","-1.86%"
"08/06/2023","177.79","182.13","183.13","176.55","332.50M","-2.31%"
"07/30/2023","181.99","196.06","196.73","181.92","302.70M","-7.07%"
"07/23/2023","195.83","193.41","197.20","192.25","226.01M","2.03%"
"07/16/2023","191.94","191.90","198.23","191.23","310.91M","0.66%"
"07/09/2023","190.69","189.26","191.70","186.60","250.27M","0.01%"
"07/02/2023","190.68","193.78","193.88","189.20","170.35M","-1.70%"
"06/25/2023","193.97","186.83","194.48","185.23","281.60M","3.91%"
"06/18/2023","186.68","184.41","187.56","182.59","203.68M","0.95%"
"06/11/2023","184.92","181.27","186.99","180.97","333.84M","2.19%"
"06/04/2023","180.96","182.63","184.95","177.32","347.85M","0.01%"
"05/28/2023","180.95","176.96","181.78","176.57","286.49M","3.15%"
"05/21/2023","175.43","173.98","175.77","170.52","250.36M","0.15%"
"05/14/2023","175.16","173.16","176.39","170.42","258.64M","1.50%"
"05/07/2023","172.57","172.48","174.59","171.00","250.06M","-0.58%"
"04/30/2023","173.57","169.28","174.30","164.31","360.72M","2.29%"
"04/23/2023","169.68","165.00","169.85","162.80","256.34M","2.82%"
"04/16/2023","165.02","165.09","168.16","164.03","249.95M","-0.12%"
"04/09/2023","165.21","161.42","166.32","159.78","263.33M","0.33%"
"04/02/2023","164.66","164.27","166.84","161.80","200.16M","-0.15%"
"03/26/2023","164.90","159.94","165.00","155.98","267.94M","2.90%"
"03/19/2023","160.25","155.07","162.14","154.15","350.16M","3.39%"
"03/12/2023","155.00","147.80","156.74","147.70","410.52M","4.38%"
"03/05/2023","148.50","153.79","156.30","147.61","313.35M","-1.68%"
"02/26/2023","151.03","147.71","151.11","143.90","274.04M","2.94%"
"02/19/2023","146.71","150.20","151.30","145.72","213.74M","-3.83%"
"02/12/2023","152.55","150.95","156.33","150.85","316.89M","1.02%"
"02/05/2023","151.01","152.57","155.23","149.22","330.76M","-2.26%"
"01/29/2023","154.50","144.96","157.38","141.32","480.25M","5.87%"
"01/22/2023","145.93","138.12","147.23","137.90","338.66M","5.85%"
"01/15/2023","137.87","134.83","138.61","133.77","271.82M","2.31%"
"01/08/2023","134.76","130.46","134.92","128.12","333.34M","3.97%"
"01/01/2023","129.62","130.28","130.90","124.17","369.95M","-0.24%"
"12/25/2022","129.93","131.38","131.41","125.87","307.18M","-1.46%"
"12/18/2022","131.86","135.11","136.81","129.64","384.62M","-1.97%"
"12/11/2022","134.51","142.70","149.97","133.73","505.73M","-5.38%"
"12/04/2022","142.16","147.77","150.92","140.00","341.50M","-3.82%"
"11/27/2022","147.81","145.14","149.13","140.35","401.19M","-0.20%"
"11/20/2022","148.11","150.16","151.83","146.93","204.02M","-2.10%"
"11/13/2022","151.29","148.97","153.59","146.15","382.68M","1.06%"
"11/06/2022","149.70","137.11","150.01","134.59","461.04M","8.18%"
"10/30/2022","138.38","153.15","155.45","134.38","510.66M","-11.15%"
"10/23/2022","155.74","147.18","157.50","144.13","513.09M","5.75%"
"10/16/2022","147.27","141.07","147.85","140.27","397.22M","6.42%"
"10/09/2022","138.38","140.42","144.52","134.37","424.19M","-1.22%"
"10/02/2022","140.09","138.21","147.54","137.68","435.94M","1.37%"
"09/25/2022","138.20","149.66","154.72","138.00","577.54M","-8.13%"
"09/18/2022","150.43","149.31","158.74","148.56","473.54M","-0.18%"
"09/11/2022","150.70","159.59","164.26","148.37","568.34M","-4.24%"
"09/04/2022","157.37","156.47","157.82","152.68","314.17M","1.00%"
"08/28/2022","155.81","161.15","162.90","154.67","390.40M","-4.77%"
"08/21/2022","163.62","169.69","171.05","163.56","307.20M","-4.61%"
"08/14/2022","171.52","171.52","176.15","171.31","322.65M","-0.34%"
"08/07/2022","172.10","166.37","172.17","163.25","318.86M","4.08%"
"07/31/2022","165.35","161.01","167.19","159.63","322.42M","1.75%"
"07/24/2022","162.51","154.01","163.63","150.80","370.55M","5.46%"
"07/17/2022","154.09","150.74","156.28","146.70","360.99M","2.61%"
"07/10/2022","150.17","145.67","150.86","142.12","366.48M","2.13%"
"07/03/2022","147.04","137.77","147.55","136.93","278.30M","5.84%"
"06/26/2022","138.93","142.70","143.49","133.77","373.78M","-1.93%"
"06/19/2022","141.66","133.42","141.91","133.32","315.96M","7.68%"
"06/12/2022","131.56","132.87","137.34","129.04","541.01M","-4.06%"
"06/05/2022","137.13","147.03","149.87","137.06","354.40M","-5.67%"
"05/29/2022","145.38","149.07","151.74","144.46","338.92M","-2.85%"
"05/22/2022","149.64","137.79","149.68","137.14","495.92M","8.76%"
"05/15/2022","137.59","145.55","149.77","132.61","548.24M","-6.47%"
"05/08/2022","147.11","154.93","156.74","138.80","686.23M","-6.47%"
"05/01/2022","157.28","156.71","166.48","153.27","566.93M","-0.23%"
"04/24/2022","157.65","161.12","166.20","155.38","541.70M","-2.56%"
"04/17/2022","161.79","163.92","171.53","161.50","376.79M","-2.12%"
"04/10/2022","165.29","168.71","171.27","165.04","297.46M","-2.82%"
"04/03/2022","170.09","174.57","178.49","169.20","393.18M","-2.42%"
"03/27/2022","174.31","172.17","179.61","171.94","465.40M","-0.23%"
"03/20/2022","174.72","163.51","175.28","163.01","446.08M","6.55%"
"03/13/2022","163.98","151.45","164.48","150.10","503.12M","5.98%"
"03/06/2022","154.73","163.36","165.02","154.50","521.33M","-5.17%"
"02/27/2022","163.17","163.06","168.91","161.97","418.75M","-1.02%"
"02/20/2022","164.85","164.98","166.69","152.00","414.29M","-1.46%"
"02/13/2022","167.30","167.37","173.34","166.19","364.01M","-0.79%"
"02/06/2022","168.64","172.86","176.65","168.04","412.90M","-2.18%"
"01/30/2022","172.39","170.16","176.24","169.51","458.55M","1.21%"
"01/23/2022","170.33","160.02","170.35","154.70","688.67M","4.88%"
"01/16/2022","162.41","171.51","172.54","162.30","400.25M","-6.16%"
"01/09/2022","173.07","169.08","177.18","168.17","422.66M","0.52%"
"01/02/2022","172.17","177.83","182.94","171.03","482.16M","-3.04%"
"12/26/2021","177.57","177.09","181.33","177.07","340.25M","0.73%"
"12/19/2021","176.28","168.28","176.85","167.46","359.18M","3.00%"
"12/12/2021","171.14","181.12","182.13","169.69","769.79M","-4.63%"
"12/05/2021","179.45","164.29","179.63","164.28","569.23M","10.88%"
"11/28/2021","161.84","159.37","170.30","157.80","669.98M","3.21%"
"11/21/2021","156.81","161.68","165.70","156.36","359.93M","-2.33%"
"11/14/2021","160.55","150.37","161.02","149.34","462.42M","7.04%"
"11/07/2021","149.99","151.41","151.57","147.48","281.80M","-0.85%"
"10/31/2021","151.28","148.99","152.43","147.80","324.08M","0.99%"
"10/24/2021","149.80","148.68","153.16","146.41","392.74M","0.75%"
"10/17/2021","148.69","143.45","150.18","143.16","340.69M","2.66%"
"10/10/2021","144.84","142.27","144.90","139.20","354.10M","1.36%"
"10/03/2021","142.90","141.76","144.21","138.27","382.91M","0.18%"
"09/26/2021","142.65","145.47","145.96","139.11","441.42M","-2.91%"
"09/19/2021","146.92","143.80","147.47","141.27","394.03M","0.59%"
"09/12/2021","146.06","150.63","151.42","145.76","492.88M","-1.95%"
"09/05/2021","148.97","154.97","157.26","148.70","354.90M","-3.45%"
"08/29/2021","154.30","149.00","154.98","148.61","386.76M","3.84%"
"08/22/2021","148.60","148.31","150.86","146.83","272.13M","0.28%"
"08/15/2021","148.19","148.54","151.68","144.50","429.62M","-0.61%"
"08/08/2021","149.10","146.20","149.44","145.30","299.58M","2.03%"
"08/01/2021","146.14","146.36","148.04","145.18","284.56M","0.19%"
"07/25/2021","145.86","148.27","149.83","142.54","423.32M","-1.82%"
"07/18/2021","148.56","143.75","148.72","141.67","441.56M","1.48%"
"07/11/2021","146.39","146.21","150.00","143.63","504.25M","0.88%"
"07/04/2021","145.11","140.07","145.65","140.07","418.56M","3.68%"
"06/27/2021","139.96","133.41","140.00","133.35","321.36M","5.15%"
"06/20/2021","133.11","130.30","134.64","129.21","354.16M","2.03%"
"06/13/2021","130.46","127.82","132.55","127.07","457.14M","2.44%"
"06/06/2021","127.35","126.17","128.46","124.83","327.05M","1.16%"
"05/30/2021","125.89","125.08","126.16","123.13","278.31M","1.03%"
"05/23/2021","124.61","126.01","128.32","124.55","357.62M","-0.65%"
"05/16/2021","125.43","126.82","128.00","122.86","386.35M","-1.58%"
"05/09/2021","127.45","129.41","129.54","122.25","514.17M","-2.12%"
"05/02/2021","130.21","132.04","134.07","126.70","453.80M","-0.95%"
"04/25/2021","131.46","134.83","137.07","131.07","501.62M","-2.13%"
"04/18/2021","134.32","133.51","135.53","131.30","421.25M","0.12%"
"04/11/2021","134.16","132.52","135.00","130.63","444.18M","0.88%"
"04/04/2021","132.99","123.87","133.04","123.07","447.82M","8.13%"
"03/28/2021","123.00","121.65","124.18","118.86","359.90M","1.48%"
"03/21/2021","121.21","120.33","124.24","118.92","488.83M","1.02%"
"03/14/2021","119.99","121.41","127.22","119.68","626.77M","-0.86%"
"03/07/2021","121.03","120.93","123.21","116.21","586.98M","-0.32%"
"02/28/2021","121.42","123.75","128.72","117.57","663.46M","0.13%"
"02/21/2021","121.26","128.01","129.72","118.39","685.99M","-6.63%"
"02/14/2021","129.87","135.49","136.01","127.41","363.19M","-4.06%"
"02/07/2021","135.37","136.03","137.88","133.69","345.54M","-1.02%"
"01/31/2021","136.76","133.75","137.42","130.93","439.30M","3.64%"
"01/24/2021","131.96","143.07","145.09","130.21","716.99M","-5.11%"
"01/17/2021","139.07","127.78","139.85","126.94","430.07M","9.38%"
"01/10/2021","127.14","129.19","131.45","126.86","483.03M","-3.72%"
"01/03/2021","132.05","133.52","133.61","126.38","610.79M","-0.48%"
"12/27/2020","132.69","133.99","138.79","131.72","441.10M","0.55%"
"12/20/2020","131.97","125.02","134.40","123.45","433.76M","4.20%"
"12/13/2020","126.65","122.60","129.58","121.54","621.76M","3.47%"
"12/06/2020","122.41","122.31","125.95","120.15","452.28M","0.13%"
"11/29/2020","122.25","116.97","123.78","116.81","543.81M","4.85%"
"11/22/2020","116.59","117.18","117.62","112.59","365.02M","-0.64%"
"11/15/2020","117.34","118.92","120.99","116.81","389.49M","-1.61%"
"11/08/2020","119.26","120.50","121.99","114.13","589.87M","0.48%"
"11/01/2020","118.69","109.11","119.62","107.32","609.57M","9.03%"
"10/25/2020","108.86","114.01","117.28","107.72","684.77M","-5.37%"
"10/18/2020","115.04","119.96","120.42","114.28","519.57M","-3.34%"
"10/11/2020","119.02","120.06","125.39","118.15","881.57M","1.75%"
"10/04/2020","116.97","113.91","117.00","112.25","548.57M","3.49%"
"09/27/2020","113.02","115.01","117.72","112.22","641.24M","0.66%"
"09/20/2020","112.28","104.54","112.86","103.10","847.21M","5.09%"
"09/13/2020","106.84","114.72","118.83","106.09","944.93M","-4.61%"
"09/06/2020","112.00","113.95","120.50","110.00","771.44M","-7.41%"
"08/30/2020","120.96","127.58","137.98","110.89","1.17B","-3.08%"
"08/23/2020","124.81","128.70","128.79","123.05","1.06B","0.35%"
"08/16/2020","124.37","116.06","124.87","113.96","835.69M","8.23%"
"08/09/2020","114.91","112.60","116.04","109.11","941.90M","3.42%"
"08/02/2020","111.11","108.20","114.41","107.89","1.00B","4.57%"
"07/26/2020","106.26","93.71","106.42","93.25","847.59M","14.73%"
"07/19/2020","92.61","96.42","99.25","89.14","665.41M","-3.85%"
"07/12/2020","96.33","97.26","99.96","93.88","718.60M","0.42%"
"07/05/2020","95.92","92.50","96.32","92.47","564.07M","5.37%"
"06/28/2020","91.03","88.31","92.62","87.82","495.65M","2.96%"
"06/21/2020","88.41","87.83","93.10","87.79","883.00M","1.12%"
"06/14/2020","87.43","83.31","89.14","83.14","779.94M","3.22%"
"06/07/2020","84.70","82.56","88.69","81.83","811.83M","2.20%"
"05/31/2020","82.88","79.44","82.94","79.30","497.96M","4.26%"
"05/24/2020","79.49","80.88","81.06","78.27","525.86M","-0.30%"
"05/17/2020","79.72","78.29","80.22","77.58","533.10M","3.63%"
"05/10/2020","76.93","77.03","79.92","75.05","834.15M","-0.78%"
"05/03/2020","77.53","72.29","77.59","71.58","672.92M","7.29%"
"04/26/2020","72.27","70.45","74.75","69.55","790.05M","2.16%"
"04/19/2020","70.74","69.49","70.75","66.36","679.39M","0.06%"
"04/12/2020","70.70","67.08","72.06","66.46","829.55M","5.53%"
"04/05/2020","67.00","62.72","67.93","62.35","735.72M","11.01%"
"03/29/2020","60.35","62.69","65.62","59.22","837.01M","-2.56%"
"03/22/2020","61.94","57.02","64.67","53.15","1.38B","8.07%"
"03/15/2020","57.31","60.49","64.77","57.00","1.62B","-17.53%"
"03/08/2020","69.49","65.94","71.61","62.00","1.62B","-3.83%"
"03/01/2020","72.26","70.57","76.00","69.43","1.29B","5.73%"
"02/23/2020","68.34","74.32","76.04","64.09","1.40B","-12.68%"
"02/16/2020","78.26","78.84","81.16","77.63","477.02M","-3.66%"
"02/09/2020","81.24","78.54","81.81","78.46","492.26M","1.54%"
"02/02/2020","80.01","76.07","81.31","75.56","652.54M","3.40%"
"01/26/2020","77.38","77.51","81.96","76.22","867.11M","-2.76%"
"01/19/2020","79.58","79.30","80.83","78.91","463.68M","-0.13%"
"01/12/2020","79.68","77.91","79.68","77.39","653.27M","2.71%"
"01/05/2020","77.58","73.45","78.17","73.19","673.81M","4.34%"
"12/29/2019","74.36","72.36","75.15","71.31","527.41M","2.63%"
"12/22/2019","72.45","70.13","73.49","70.09","386.90M","3.71%"
"12/15/2019","69.86","69.25","70.66","69.25","733.36M","1.56%"
"12/08/2019","68.79","67.50","68.82","66.23","569.63M","1.64%"
"12/01/2019","67.68","66.82","67.75","64.07","460.36M","1.29%"
"11/24/2019","66.81","65.68","67.00","65.63","301.62M","2.09%"
"11/17/2019","65.44","66.45","67.00","65.10","456.24M","-1.50%"
"11/10/2019","66.44","64.57","66.44","64.57","462.65M","2.16%"
"11/03/2019","65.04","64.33","65.11","63.84","424.06M","1.69%"
"10/27/2019","63.96","61.85","63.98","59.31","654.22M","3.75%"
"10/20/2019","61.65","59.38","61.68","59.33","405.08M","4.30%"
"10/13/2019","59.10","58.72","59.53","58.30","433.56M","0.08%"
"10/06/2019","59.05","56.57","59.41","56.08","600.62M","4.05%"
"09/29/2019","56.75","55.22","57.06","53.78","653.52M","3.74%"
"09/22/2019","54.71","54.74","55.62","54.29","471.14M","0.50%"
"09/15/2019","54.43","54.43","55.94","54.37","581.41M","-0.47%"
"09/08/2019","54.69","53.71","56.60","52.77","701.47M","2.57%"
"09/01/2019","53.31","51.61","53.60","51.06","330.34M","2.17%"
"08/25/2019","52.19","51.47","52.61","50.83","440.36M","3.01%"
"08/18/2019","50.66","52.65","53.61","50.25","568.27M","-1.87%"
"08/11/2019","51.63","49.90","53.03","49.79","653.06M","2.74%"
"08/04/2019","50.25","49.50","50.88","48.15","692.85M","-1.49%"
"07/28/2019","51.01","52.12","55.34","50.41","879.08M","-1.79%"
"07/21/2019","51.94","50.91","52.43","50.90","348.61M","2.54%"
"07/14/2019","50.65","51.02","51.63","50.59","349.73M","-0.35%"
"07/07/2019","50.83","50.20","51.10","49.60","406.40M","-0.46%"
"06/30/2019","51.06","50.79","51.27","50.16","291.52M","3.19%"
"06/23/2019","49.48","49.63","50.39","48.82","469.48M","-0.43%"
"06/16/2019","49.69","48.22","50.21","48.04","526.64M","3.13%"
"06/09/2019","48.19","47.95","49.20","47.58","447.37M","1.36%"
"06/02/2019","47.54","43.90","47.98","42.57","617.39M","8.61%"
"05/26/2019","43.77","44.73","45.15","43.75","418.77M","-2.18%"
"05/19/2019","44.74","45.88","47.00","44.45","627.88M","-5.31%"
"05/12/2019","47.25","46.93","48.12","45.71","745.66M","-4.15%"
"05/05/2019","49.29","51.07","52.21","48.19","694.65M","-6.88%"
"04/28/2019","52.94","51.10","53.83","49.78","745.82M","3.65%"
"04/21/2019","51.08","50.71","52.12","50.53","389.98M","0.22%"
"04/14/2019","50.97","49.65","51.04","49.50","385.34M","2.51%"
"04/07/2019","49.72","49.10","50.71","49.05","528.03M","0.95%"
"03/31/2019","49.25","47.91","49.28","47.10","446.16M","3.71%"
"03/24/2019","47.49","47.88","48.22","46.15","671.35M","-0.57%"
"03/17/2019","47.76","46.45","49.42","46.18","729.37M","2.64%"
"03/10/2019","46.53","43.87","46.83","43.84","632.53M","7.63%"
"03/03/2019","43.23","43.92","44.44","42.38","467.12M","-1.17%"
"02/24/2019","43.74","43.54","43.97","43.18","483.52M","1.16%"
"02/17/2019","43.24","42.43","43.33","42.37","325.00M","1.50%"
"02/10/2019","42.60","42.76","43.12","42.31","448.92M","0.00%"
"02/03/2019","42.60","41.85","43.89","41.82","605.59M","2.33%"
"01/27/2019","41.63","38.95","42.25","38.41","809.19M","5.55%"
"01/20/2019","39.44","39.10","39.53","37.92","450.06M","0.61%"
"01/13/2019","39.20","37.71","39.47","37.30","621.17M","2.97%"
"01/06/2019","38.07","37.17","38.63","36.48","814.82M","2.73%"
"12/30/2018","37.06","39.63","39.84","35.50","887.85M","-5.12%"
"12/23/2018","39.06","37.04","39.63","36.65","764.64M","3.66%"
"12/16/2018","37.68","41.36","42.09","37.41","1.15B","-8.92%"
"12/09/2018","41.37","41.25","43.14","40.83","870.15M","-1.78%"
"12/02/2018","42.12","46.12","46.23","42.08","670.09M","-5.67%"
"11/25/2018","44.65","43.56","45.70","42.56","855.00M","3.67%"
"11/18/2018","43.07","47.50","47.67","43.02","657.98M","-10.98%"
"11/11/2018","48.38","49.75","49.96","46.48","968.91M","-5.36%"
"11/04/2018","51.12","51.08","52.53","49.54","764.80M","-1.45%"
"10/28/2018","51.87","54.80","55.59","51.36","1.08B","-4.09%"
"10/21/2018","54.08","54.95","56.06","53.17","742.40M","-1.37%"
"10/14/2018","54.83","55.29","55.75","53.25","594.08M","-1.26%"
"10/07/2018","55.53","55.55","56.82","53.08","768.03M","-0.96%"
"09/30/2018","56.07","56.99","58.37","55.15","570.66M","-0.66%"
"09/23/2018","56.44","54.20","56.61","54.16","517.37M","3.73%"
"09/16/2018","54.41","55.54","55.74","53.83","874.98M","-2.77%"
"09/09/2018","55.96","55.24","57.09","54.12","793.00M","1.14%"
"09/02/2018","55.33","57.10","57.42","55.18","530.53M","-2.78%"
"08/26/2018","56.91","54.29","57.22","54.08","650.76M","5.31%"
"08/19/2018","54.04","54.52","54.80","53.46","451.30M","-0.66%"
"08/12/2018","54.40","51.92","54.49","51.92","557.50M","4.86%"
"08/05/2018","51.88","52.00","52.45","51.13","486.57M","-0.23%"
"07/29/2018","52.00","47.98","52.19","47.27","896.76M","8.92%"
"07/22/2018","47.74","47.67","48.99","47.39","378.45M","-0.25%"
"07/15/2018","47.86","47.88","48.16","47.30","351.86M","0.06%"
"07/08/2018","47.83","47.38","47.96","46.90","340.35M","1.79%"
"07/01/2018","46.99","45.95","47.11","45.85","263.10M","1.53%"
"06/24/2018","46.28","45.85","46.82","45.18","486.48M","0.11%"
"06/17/2018","46.23","46.97","47.30","45.86","502.42M","-2.08%"
"06/10/2018","47.21","47.84","48.22","47.06","560.75M","-1.48%"
"06/03/2018","47.92","47.91","48.55","47.44","467.08M","0.76%"
"05/27/2018","47.56","46.90","47.56","46.53","368.52M","0.87%"
"05/20/2018","47.15","47.00","47.41","46.44","377.58M","1.22%"
"05/13/2018","46.58","47.25","47.38","46.27","397.00M","-1.21%"
"05/06/2018","47.15","46.30","47.59","45.92","593.07M","2.59%"
"04/29/2018","45.96","40.53","46.06","40.46","1.01B","13.26%"
"04/22/2018","40.58","41.71","41.73","40.16","648.83M","-2.05%"
"04/15/2018","41.43","43.76","44.73","41.36","676.95M","-5.15%"
"04/08/2018","43.68","42.47","43.96","42.46","512.31M","3.78%"
"04/01/2018","42.09","41.97","43.56","41.12","657.64M","0.33%"
"03/25/2018","41.95","42.02","43.79","41.30","634.12M","1.75%"
"03/18/2018","41.23","44.33","44.37","41.23","690.68M","-7.37%"
"03/11/2018","44.51","45.07","45.88","44.41","621.67M","-1.07%"
"03/04/2018","44.99","43.80","45.00","43.57","559.41M","2.13%"
"02/25/2018","44.05","44.09","45.15","43.11","808.51M","0.39%"
"02/18/2018","43.88","43.01","43.91","42.75","544.83M","1.79%"
"02/11/2018","43.11","39.62","43.70","39.38","901.35M","10.26%"
"02/04/2018","39.10","39.77","40.97","37.56","1.27B","-2.54%"
"01/28/2018","40.12","42.54","42.54","40.02","1.05B","-6.44%"
"01/21/2018","42.88","44.33","44.86","42.52","766.30M","-3.90%"
"01/14/2018","44.62","44.48","45.02","43.77","510.28M","0.79%"
"01/07/2018","44.27","43.59","44.34","43.25","440.79M","1.19%"
"12/31/2017","43.75","42.54","43.84","42.31","404.67M","3.40%"
"12/24/2017","42.31","42.70","42.96","42.30","388.66M","-3.29%"
"12/17/2017","43.75","43.72","44.30","43.31","470.53M","0.60%"
"12/10/2017","43.49","42.30","43.54","42.20","556.59M","2.72%"
"12/03/2017","42.34","43.12","43.16","41.62","549.92M","-0.98%"
"11/26/2017","42.76","43.76","43.77","41.79","680.39M","-2.24%"
"11/19/2017","43.74","42.57","43.88","42.39","324.04M","2.82%"
"11/12/2017","42.54","43.38","43.62","42.09","465.84M","-2.59%"
"11/05/2017","43.67","43.09","44.06","42.93","553.70M","1.28%"
"10/29/2017","43.12","40.97","43.56","40.93","860.71M","5.79%"
"10/22/2017","40.76","39.22","40.90","38.82","489.61M","4.35%"
"10/15/2017","39.06","39.48","40.22","38.76","504.20M","-0.48%"
"10/08/2017","39.25","38.95","39.50","38.77","325.22M","1.08%"
"10/01/2017","38.83","38.56","38.87","38.12","375.14M","0.78%"
"09/24/2017","38.53","37.50","38.68","37.29","619.43M","1.47%"
"09/17/2017","37.97","40.03","40.12","37.64","744.75M","-5.00%"
"09/10/2017","39.97","40.12","40.99","39.48","884.31M","0.78%"
"09/03/2017","39.66","40.94","41.06","39.63","406.91M","-3.29%"
"08/27/2017","41.01","40.03","41.23","39.98","504.51M","2.60%"
"08/20/2017","39.97","39.38","40.19","38.78","450.68M","1.50%"
"08/13/2017","39.38","39.83","40.63","39.18","538.51M","0.03%"
"08/06/2017","39.37","39.27","40.46","38.66","605.08M","0.69%"
"07/30/2017","39.10","37.48","39.94","37.03","691.23M","4.60%"
"07/23/2017","37.38","37.65","38.50","36.83","423.27M","-0.51%"
"07/16/2017","37.57","37.20","37.94","37.14","424.33M","0.83%"
"07/09/2017","37.26","36.03","37.33","35.84","444.35M","3.36%"
"07/02/2017","36.05","36.22","36.33","35.60","316.71M","0.11%"
"06/25/2017","36.01","36.79","37.07","35.57","508.24M","-1.53%"
"06/18/2017","36.57","35.91","36.79","35.91","533.01M","2.81%"
"06/11/2017","35.57","36.44","36.88","35.55","882.12M","-4.48%"
"06/04/2017","37.24","38.59","38.99","36.51","636.64M","-4.17%"
"05/28/2017","38.86","38.35","38.86","38.05","355.01M","1.20%"
"05/21/2017","38.40","38.50","38.73","38.17","413.07M","0.34%"
"05/14/2017","38.27","39.00","39.16","37.43","629.42M","-1.92%"
"05/07/2017","39.02","37.26","39.10","37.26","693.88M","4.78%"
"04/30/2017","37.24","36.27","37.24","36.07","701.41M","3.70%"
"04/23/2017","35.91","35.88","36.23","35.80","364.62M","0.96%"
"04/16/2017","35.57","35.37","35.73","35.11","356.99M","0.88%"
"04/09/2017","35.26","35.90","35.97","35.02","349.94M","-1.62%"
"04/02/2017","35.84","35.93","36.37","35.76","421.66M","-0.19%"
"03/26/2017","35.91","34.85","36.12","34.66","508.04M","2.13%"
"03/19/2017","35.16","35.10","35.70","34.93","518.70M","0.46%"
"03/12/2017","35.00","34.71","35.26","34.70","486.16M","0.63%"
"03/05/2017","34.78","34.84","34.99","34.26","398.69M","-0.49%"
"02/26/2017","34.95","34.28","35.07","34.07","511.75M","2.31%"
"02/19/2017","34.16","34.06","34.37","33.82","351.64M","0.68%"
"02/12/2017","33.93","33.27","34.07","33.19","546.67M","2.72%"
"02/05/2017","33.03","32.28","33.23","32.23","545.80M","2.36%"
"01/29/2017","32.27","30.23","32.62","30.16","999.12M","5.84%"
"01/22/2017","30.49","30.00","30.61","29.88","498.99M","1.63%"
"01/15/2017","30.00","29.59","30.12","29.55","465.39M","0.81%"
"01/08/2017","29.76","29.49","29.98","29.48","555.24M","0.95%"
"01/01/2017","29.48","28.95","29.54","28.69","415.38M","1.83%"
"12/25/2016","28.95","29.13","29.50","28.86","339.31M","-0.62%"
"12/18/2016","29.13","28.95","29.38","28.90","453.29M","0.48%"
"12/11/2016","28.99","28.32","29.18","28.12","780.06M","1.76%"
"12/04/2016","28.49","27.50","28.68","27.06","607.96M","3.68%"
"11/27/2016","27.48","27.86","28.12","27.21","622.00M","-1.68%"
"11/20/2016","27.95","27.53","28.11","27.50","376.53M","1.56%"
"11/13/2016","27.52","26.93","27.64","26.02","793.37M","1.51%"
"11/06/2016","27.11","27.52","27.93","26.46","829.08M","-0.37%"
"10/30/2016","27.21","28.41","28.56","27.03","625.39M","-4.29%"
"10/23/2016","28.43","29.27","29.59","28.33","840.90M","-2.47%"
"10/16/2016","29.15","29.33","29.55","28.45","462.13M","-0.88%"
"10/09/2016","29.41","28.75","29.67","28.68","834.83M","3.12%"
"10/02/2016","28.52","28.18","28.64","28.07","504.12M","0.92%"
"09/25/2016","28.26","27.91","28.66","27.89","625.54M","0.28%"
"09/18/2016","28.18","28.80","29.05","27.89","804.38M","-1.91%"
"09/11/2016","28.73","25.66","29.03","25.63","1.56B","11.44%"
"09/04/2016","25.78","26.98","27.19","25.78","675.21M","-4.27%"
"08/28/2016","26.93","26.66","27.00","26.38","532.00M","0.75%"
"08/21/2016","26.73","27.21","27.33","26.58","494.42M","-2.23%"
"08/14/2016","27.34","27.04","27.56","27.02","529.49M","1.07%"
"08/07/2016","27.05","26.88","27.23","26.79","498.02M","0.67%"
"07/31/2016","26.87","26.10","26.91","26.00","680.60M","3.15%"
"07/24/2016","26.05","24.56","26.14","24.11","1.03B","5.64%"
"07/17/2016","24.66","24.68","25.25","24.58","590.26M","-0.16%"
"07/10/2016","24.70","24.19","24.82","24.18","571.64M","2.19%"
"07/03/2016","24.17","23.85","24.22","23.59","450.82M","0.83%"
"06/26/2016","23.97","23.25","24.12","22.88","741.84M","2.66%"
"06/19/2016","23.35","24.00","24.22","23.16","826.92M","-2.01%"
"06/12/2016","23.83","24.67","24.78","23.82","766.93M","-3.56%"
"06/05/2016","24.71","24.50","25.47","24.39","499.46M","0.94%"
"05/29/2016","24.48","24.90","25.10","24.16","560.71M","-2.43%"
"05/22/2016","25.09","23.97","25.18","23.92","817.89M","5.42%"
"05/15/2016","23.80","23.10","23.86","22.91","850.83M","5.17%"
"05/08/2016","22.63","23.25","23.44","22.37","864.20M","-2.37%"
"05/01/2016","23.18","23.49","23.98","22.96","902.43M","-1.07%"
"04/24/2016","23.43","26.25","26.41","23.13","1.40B","-11.32%"
"04/17/2016","26.42","27.22","27.24","26.16","756.21M","-3.79%"
"04/10/2016","27.46","27.24","28.10","27.16","649.24M","1.10%"
"04/03/2016","27.16","27.61","28.05","27.03","582.89M","-1.24%"
"03/27/2016","27.50","26.50","27.61","26.22","591.86M","4.09%"
"03/20/2016","26.42","26.48","26.91","26.22","479.13M","-0.23%"
"03/13/2016","26.48","25.48","26.62","25.45","728.29M","3.56%"
"03/06/2016","25.57","25.60","25.71","25.04","622.40M","-0.70%"
"02/28/2016","25.75","24.21","25.94","24.16","807.22M","6.27%"
"02/21/2016","24.23","24.08","24.51","23.33","636.21M","0.92%"
"02/14/2016","24.01","23.75","24.72","23.65","673.27M","2.17%"
"02/07/2016","23.50","23.28","24.09","23.15","924.49M","0.00%"
"01/31/2016","23.50","24.12","24.33","23.42","868.62M","-3.45%"
"01/24/2016","24.34","25.38","25.38","23.10","1.52B","-4.02%"
"01/17/2016","25.36","24.60","25.36","23.36","973.54M","4.45%"
"01/10/2016","24.28","24.74","25.30","23.84","1.22B","0.17%"
"01/03/2016","24.24","25.65","26.46","24.11","1.38B","-7.90%"
"12/27/2015","26.32","26.90","27.36","26.20","495.05M","-2.55%"
"12/20/2015","27.01","26.82","27.25","26.39","506.54M","1.89%"
"12/13/2015","26.51","28.05","28.20","26.45","1.26B","-6.33%"
"12/06/2015","28.30","29.75","29.96","28.21","755.42M","-4.91%"
"11/29/2015","29.76","29.50","29.85","28.55","827.06M","1.05%"
"11/22/2015","29.45","29.82","29.93","29.28","438.88M","-1.24%"
"11/15/2015","29.82","27.84","29.98","27.75","759.92M","6.16%"
"11/08/2015","28.09","30.24","30.45","28.07","866.22M","-7.20%"
"11/01/2015","30.27","29.97","30.95","29.90","780.81M","1.31%"
"10/25/2015","29.88","29.52","30.30","28.50","1.29B","0.37%"
"10/18/2015","29.77","27.70","29.81","27.53","888.30M","7.24%"
"10/11/2015","27.76","28.18","28.19","27.39","739.54M","-0.96%"
"10/04/2015","28.03","27.47","28.07","27.05","1.05B","1.59%"
"09/27/2015","27.59","28.46","28.64","26.83","1.26B","-3.80%"
"09/20/2015","28.68","28.42","29.17","28.09","970.78M","1.13%"
"09/13/2015","28.36","29.14","29.22","27.97","1.11B","-0.67%"
"09/06/2015","28.55","27.91","28.55","27.44","1.01B","4.50%"
"08/30/2015","27.32","28.01","28.63","26.84","1.19B","-3.53%"
"08/23/2015","28.32","23.72","28.33","23.00","2.00B","7.11%"
"08/16/2015","26.44","29.01","29.41","26.41","1.28B","-8.80%"
"08/09/2015","28.99","29.13","30.00","27.41","1.38B","0.38%"
"08/02/2015","28.88","30.38","30.64","28.02","1.54B","-4.75%"
"07/26/2015","30.32","30.77","30.98","30.23","766.39M","-2.57%"
"07/19/2015","31.12","32.74","33.24","30.50","1.38B","-3.98%"
"07/12/2015","32.41","31.26","32.41","31.08","756.98M","5.16%"
"07/05/2015","30.82","31.23","31.56","29.80","1.10B","-2.50%"
"06/28/2015","31.61","31.36","31.73","31.12","603.93M","-0.25%"
"06/21/2015","31.69","31.87","32.45","31.63","782.38M","0.13%"
"06/14/2015","31.65","31.52","32.08","31.43","794.10M","-0.44%"
"06/07/2015","31.79","32.23","32.55","31.41","880.46M","-1.15%"
"05/31/2015","32.16","32.80","32.85","32.09","683.36M","-1.26%"
"05/24/2015","32.57","33.15","33.23","32.28","792.59M","-1.69%"
"05/17/2015","33.13","32.09","33.24","32.09","869.19M","2.92%"
"05/10/2015","32.19","31.85","32.37","31.20","833.21M","0.88%"
"05/03/2015","31.91","32.38","32.64","30.84","1.09B","-1.02%"
"04/26/2015","32.24","33.08","33.63","31.14","1.68B","-1.01%"
"04/19/2015","32.57","31.39","32.66","31.29","829.76M","4.42%"
"04/12/2015","31.19","32.09","32.14","31.11","684.74M","-1.83%"
"04/05/2015","31.77","31.12","32.03","31.08","728.83M","1.40%"
"03/29/2015","31.33","31.01","31.62","30.77","648.13M","1.69%"
"03/22/2015","30.81","31.78","32.01","30.65","837.30M","-2.13%"
"03/15/2015","31.48","30.97","32.31","30.72","1.07B","1.88%"
"03/08/2015","30.90","31.99","32.39","30.41","1.31B","-2.37%"
"03/01/2015","31.65","32.31","32.57","31.44","987.75M","-1.46%"
"02/22/2015","32.12","32.51","33.40","31.65","1.47B","-0.77%"
"02/15/2015","32.37","31.87","32.38","31.73","777.42M","1.89%"
"02/08/2015","31.77","29.64","31.87","29.61","1.21B","6.86%"
"02/01/2015","29.73","29.51","30.13","29.02","1.08B","1.50%"
"01/25/2015","29.29","28.43","30.00","27.26","1.86B","3.68%"
"01/18/2015","28.25","26.96","28.44","26.62","794.95M","6.60%"
"01/11/2015","26.50","28.15","28.20","26.30","1.22B","-5.36%"
"01/04/2015","28.00","27.07","28.31","26.16","1.13B","2.45%"
"12/28/2014","27.33","28.45","28.69","26.84","608.35M","-4.11%"
"12/21/2014","28.50","28.04","28.63","27.99","477.59M","1.97%"
"12/14/2014","27.95","27.68","28.31","26.57","1.32B","1.90%"
"12/07/2014","27.43","28.52","28.71","27.34","1.04B","-4.59%"
"11/30/2014","28.75","29.70","29.81","27.82","1.07B","-3.30%"
"11/23/2014","29.73","29.21","29.94","29.16","727.75M","2.09%"
"11/16/2014","29.12","28.57","29.39","28.32","933.66M","2.00%"
"11/09/2014","28.55","27.25","28.55","27.10","820.67M","4.77%"
"11/02/2014","27.25","27.05","27.57","26.93","799.81M","0.93%"
"10/26/2014","27.00","26.21","27.01","26.18","880.92M","2.66%"
"10/19/2014","26.30","24.58","26.37","24.55","1.43B","7.70%"
"10/12/2014","24.42","25.33","25.45","23.80","1.43B","-3.02%"
"10/05/2014","25.18","24.99","25.59","24.58","1.12B","1.08%"
"09/28/2014","24.91","24.66","25.39","24.51","991.00M","-1.11%"
"09/21/2014","25.19","25.45","25.73","24.43","1.36B","-0.20%"
"09/14/2014","25.24","25.70","25.76","24.72","1.19B","-0.67%"