"날짜","종가","시가","고가","저가","거래량","변동 %"
"2024- 09- 08","59.11","58.57","59.47","57.35","55.42M","3.72%"
"2024- 09- 01","56.99","67.26","67.32","56.72","262.22M","-16.94%"
"2024- 08- 25","68.61","70.27","70.67","65.16","244.06M","-2.72%"
"2024- 08- 18","70.53","68.68","73.16","67.89","274.35M","2.75%"
"2024- 08- 11","68.64","59.23","69.25","58.11","269.37M","16.64%"
"2024- 08- 04","58.85","49.33","59.53","48.80","471.03M","0.19%"
"2024- 07- 28","58.74","66.27","70.22","57.00","426.33M","-9.74%"
"2024- 07- 21","65.08","73.65","75.13","62.13","342.52M","-8.42%"
"2024- 07- 14","71.06","81.47","83.62","70.44","293.15M","-11.88%"
"2024- 07- 07","80.64","81.81","85.20","78.70","236.82M","-1.21%"
"2024- 06- 30","81.63","74.16","81.85","72.42","148.64M","10.58%"
"2024- 06- 23","73.82","73.82","77.53","71.80","213.42M","-0.78%"
"2024- 06- 16","74.40","74.28","77.72","73.67","171.48M","0.31%"
"2024- 06- 09","74.17","66.59","74.21","66.48","213.54M","10.50%"
"2024- 06- 02","67.12","63.73","68.32","60.96","233.89M","7.34%"
"2024- 05- 26","62.53","65.86","66.10","58.96","195.89M","-4.32%"
"2024- 05- 19","65.35","63.02","66.51","62.80","215.16M","3.83%"
"2024- 05- 12","62.94","59.92","64.20","58.98","224.49M","6.37%"
"2024- 05- 05","59.17","57.42","60.07","57.12","213.99M","4.36%"
"2024- 04- 28","56.70","56.08","57.11","51.20","355.69M","2.57%"
"2024- 04- 21","55.28","50.38","55.87","49.17","373.79M","11.72%"
"2024- 04- 14","49.48","60.20","60.23","48.85","481.02M","-15.74%"
"2024- 04- 07","58.72","60.21","62.06","58.06","365.82M","-1.90%"
"2024- 03- 31","59.86","61.92","62.99","57.74","328.03M","-2.76%"
"2024- 03- 24","61.56","61.48","63.01","60.71","189.53M","-1.71%"
"2024- 03- 17","62.63","59.88","63.95","57.68","311.34M","8.43%"
"2024- 03- 10","57.76","59.41","62.04","57.28","382.24M","-3.83%"
"2024- 03- 03","60.06","63.09","64.13","58.02","467.06M","-4.86%"
"2024- 02- 25","63.13","59.94","63.51","58.55","310.35M","5.89%"
"2024- 02- 18","59.62","56.58","61.22","53.82","318.79M","3.85%"
"2024- 02- 11","57.41","60.21","61.14","55.44","371.66M","-4.75%"
"2024- 02- 04","60.27","57.19","60.61","55.57","310.52M","5.29%"
"2024- 01- 28","57.24","55.61","57.68","52.58","399.88M","3.25%"
"2024- 01- 21","55.44","55.41","57.90","54.28","360.66M","1.65%"
"2024- 01- 14","54.54","49.88","54.62","47.87","340.46M","8.34%"
"2024- 01- 07","50.34","46.39","50.98","46.33","374.94M","9.48%"
"2023- 12- 31","45.98","49.35","49.43","45.47","329.15M","-9.31%"
"2023- 12- 24","50.70","50.64","52.01","50.00","209.44M","0.70%"
"2023- 12- 17","50.35","49.49","51.27","48.46","347.23M","2.25%"
"2023- 12- 10","49.24","44.67","49.79","44.60","441.98M","9.84%"
"2023- 12- 03","44.83","42.91","45.00","41.73","428.11M","1.33%"
"2023- 11- 26","44.24","44.01","45.73","42.84","408.53M","0.14%"
"2023- 11- 19","44.18","43.15","45.42","43.14","275.35M","2.36%"
"2023- 11- 12","43.16","40.25","43.78","39.75","484.16M","5.86%"
"2023- 11- 05","40.77","37.81","40.83","37.32","542.00M","8.49%"
"2023- 10- 29","37.58","31.95","37.98","31.58","641.33M","20.06%"
"2023- 10- 22","31.30","33.67","35.59","30.47","752.89M","-8.18%"
"2023- 10- 15","34.09","37.82","39.00","34.02","647.24M","-8.87%"
"2023- 10- 08","37.41","36.61","40.05","36.14","557.74M","0.16%"
"2023- 10- 01","37.35","35.67","37.69","34.04","634.33M","4.86%"
"2023- 09- 24","35.62","35.31","37.00","33.63","592.55M","-0.01%"
"2023- 09- 17","35.63","39.43","40.22","35.52","437.29M","-10.38%"
"2023- 09- 10","39.75","41.49","42.24","39.43","400.15M","-1.85%"
"2023- 09- 03","40.50","41.97","42.82","39.38","295.11M","-4.23%"
"2023- 08- 27","42.29","38.95","43.36","38.08","441.70M","11.17%"
"2023- 08- 20","38.04","36.87","40.90","36.35","529.21M","4.51%"
"2023- 08- 13","36.40","38.83","40.44","35.37","476.28M","-6.88%"
"2023- 08- 06","39.09","41.73","42.20","38.60","500.06M","-4.98%"
"2023- 07- 30","41.14","45.33","45.71","40.97","510.85M","-9.02%"
"2023- 07- 23","45.22","42.98","45.69","42.20","467.99M","5.93%"
"2023- 07- 16","42.69","44.28","47.14","42.51","490.85M","-3.02%"
"2023- 07- 09","44.02","39.76","45.36","38.93","457.83M","10.41%"
"2023- 07- 02","39.87","41.20","41.84","39.29","278.99M","-2.76%"
"2023- 06- 25","41.00","38.76","41.35","37.34","506.09M","5.26%"
"2023- 06- 18","38.95","40.29","41.08","38.24","401.43M","-4.53%"
"2023- 06- 11","40.80","37.15","42.44","36.84","604.24M","11.41%"
"2023- 06- 04","36.62","36.76","37.70","34.77","495.18M","-0.54%"
"2023- 05- 28","36.82","36.31","37.19","34.40","457.08M","5.26%"
"2023- 05- 21","34.98","31.68","35.25","29.77","564.87M","10.21%"
"2023- 05- 14","31.74","28.85","32.24","28.43","502.20M","10.48%"
"2023- 05- 07","28.73","28.10","29.30","27.81","494.85M","1.84%"
"2023- 04- 30","28.21","28.14","28.53","26.28","602.90M","-0.14%"
"2023- 04- 23","28.25","26.81","28.28","25.17","629.15M","5.14%"
"2023- 04- 16","26.87","27.35","28.18","26.25","567.94M","-2.18%"
"2023- 04- 09","27.47","26.64","27.93","26.00","663.24M","0.15%"
"2023- 04- 02","27.43","27.68","28.43","26.11","491.30M","-2.94%"
"2023- 03- 26","28.26","25.99","28.32","24.29","631.35M","9.45%"
"2023- 03- 19","25.82","24.43","26.96","23.89","903.53M","5.09%"
"2023- 03- 12","24.57","20.47","25.51","20.13","1.25B","17.67%"
"2023- 03- 05","20.88","23.76","24.48","20.62","985.36M","-11.00%"
"2023- 02- 26","23.46","22.48","23.53","20.95","731.63M","7.76%"
"2023- 02- 19","21.77","23.10","23.45","21.35","670.36M","-9.44%"
"2023- 02- 12","24.04","24.14","26.10","23.30","923.66M","0.92%"
"2023- 02- 05","23.82","24.84","26.69","23.22","984.50M","-6.66%"
"2023- 01- 29","25.52","22.55","27.45","21.85","1.14B","9.39%"
"2023- 01- 22","23.33","20.55","23.82","19.98","948.96M","14.42%"
"2023- 01- 15","20.39","20.06","20.91","18.58","654.10M","1.44%"
"2023- 01- 08","20.10","18.08","20.17","17.70","942.37M","13.95%"
"2023- 01- 01","17.64","17.74","18.04","16.10","812.26M","1.97%"
"2022- 12- 25","17.30","17.46","17.50","16.10","618.06M","-1.65%"
"2022- 12- 18","17.59","19.10","19.25","16.58","886.85M","-7.71%"
"2022- 12- 11","19.06","20.91","24.23","18.71","1.14B","-8.76%"
"2022- 12- 04","20.89","22.88","23.20","20.18","860.48M","-10.76%"
"2022- 11- 27","23.41","21.80","24.17","20.47","929.94M","5.17%"
"2022- 11- 20","22.26","21.52","22.87","20.83","536.51M","1.92%"
"2022- 11- 13","21.84","22.17","23.95","20.91","1.13B","-3.66%"
"2022- 11- 06","22.67","18.16","22.83","17.53","1.35B","26.30%"
"2022- 10- 30","17.95","21.17","21.87","16.85","1.35B","-17.28%"
"2022- 10- 23","21.70","20.63","22.64","19.71","1.31B","5.49%"
"2022- 10- 16","20.57","18.81","21.00","18.73","1.41B","17.07%"
"2022- 10- 09","17.57","19.51","19.98","16.32","1.42B","-9.90%"
"2022- 10- 02","19.50","19.70","23.06","19.16","1.17B","0.93%"
"2022- 09- 25","19.32","21.16","22.59","19.28","1.30B","-9.34%"
"2022- 09- 18","21.31","23.94","25.92","20.45","1.10B","-13.37%"
"2022- 09- 11","24.60","30.30","31.03","23.67","879.80M","-17.56%"
"2022- 09- 04","29.84","26.76","30.02","25.46","701.09M","11.84%"
"2022- 08- 28","26.68","29.35","30.12","26.02","884.13M","-11.77%"
"2022- 08- 21","30.24","33.89","34.74","30.20","609.91M","-14.46%"
"2022- 08- 14","35.35","37.65","39.38","35.06","548.15M","-6.92%"
"2022- 08- 07","37.98","35.60","38.05","33.19","621.64M","7.62%"
"2022- 07- 31","35.29","32.78","36.26","32.21","721.17M","5.79%"
"2022- 07- 24","33.36","29.53","33.65","27.05","705.40M","12.97%"
"2022- 07- 17","29.53","27.61","31.53","25.82","806.93M","10.23%"
"2022- 07- 10","26.79","27.20","27.27","23.62","799.62M","-3.94%"
"2022- 07- 03","27.89","23.41","28.31","23.00","724.27M","14.35%"
"2022- 06- 26","24.39","28.35","28.50","22.75","1.01B","-12.83%"
"2022- 06- 19","27.98","23.82","28.04","23.55","688.20M","23.42%"
"2022- 06- 12","22.67","24.27","25.92","21.32","1.12B","-15.38%"
"2022- 06- 05","26.79","33.62","34.13","26.67","710.43M","-16.65%"
"2022- 05- 29","32.14","33.30","34.98","31.45","714.82M","-3.45%"
"2022- 05- 22","33.29","27.65","33.34","25.42","860.49M","21.76%"
"2022- 05- 15","27.34","31.13","33.08","24.93","902.30M","-13.56%"
"2022- 05- 08","31.63","32.56","33.42","26.69","1.20B","-8.61%"
"2022- 05- 01","34.61","36.25","42.45","33.10","979.31M","-5.26%"
"2022- 04- 24","36.53","40.81","43.16","36.20","823.33M","-12.00%"
"2022- 04- 17","41.51","46.47","50.77","41.28","540.49M","-11.68%"
"2022- 04- 10","47.00","49.83","50.97","46.83","395.88M","-9.34%"
"2022- 04- 03","51.84","58.38","61.55","51.50","520.15M","-10.51%"
"2022- 03- 27","57.93","56.92","62.96","56.33","449.75M","1.76%"
"2022- 03- 20","56.93","52.86","57.56","50.77","491.61M","7.07%"
"2022- 03- 13","53.17","41.81","53.41","39.56","588.74M","25.58%"
"2022- 03- 06","42.34","48.04","48.54","40.77","624.08M","-11.96%"
"2022- 02- 27","48.09","50.46","53.78","47.00","583.38M","-7.36%"
"2022- 02- 20","51.91","49.04","52.01","40.61","575.95M","2.91%"
"2022- 02- 13","50.44","52.90","57.80","49.31","462.16M","-5.33%"
"2022- 02- 06","53.28","59.07","63.08","52.56","493.19M","-9.23%"
"2022- 01- 30","58.70","57.04","65.37","55.89","518.52M","4.13%"
"2022- 01- 23","56.37","53.85","58.85","48.17","966.27M","-0.53%"
"2022- 01- 16","56.67","68.49","69.72","56.50","426.94M","-21.15%"
"2022- 01- 09","71.87","69.18","77.96","66.05","647.91M","-0.23%"
"2022- 01- 02","72.04","83.92","85.94","71.00","613.34M","-13.38%"
"2021- 12- 26","83.17","83.54","87.49","82.86","310.03M","0.51%"
"2021- 12- 19","82.74","72.51","83.64","71.25","384.76M","9.73%"
"2021- 12- 12","75.40","83.74","83.94","73.50","637.82M","-9.95%"
"2021- 12- 05","83.74","75.29","85.25","72.76","598.26M","11.59%"
"2021- 11- 28","75.04","83.10","86.39","72.46","821.32M","-6.69%"
"2021- 11- 21","80.42","89.64","91.68","79.36","390.50M","-9.20%"
"2021- 11- 14","88.57","83.46","89.44","81.04","330.74M","7.07%"
"2021- 11- 07","82.72","85.25","85.95","78.25","363.10M","-3.00%"
"2021- 10- 31","85.28","77.90","86.83","76.59","363.41M","9.93%"
"2021- 10- 24","77.58","71.49","77.70","70.36","348.62M","9.82%"
"2021- 10- 17","70.64","67.13","72.61","66.79","279.19M","4.10%"
"2021- 10- 10","67.86","62.93","67.93","61.31","338.07M","6.46%"
"2021- 10- 03","63.74","62.55","66.17","58.24","481.39M","0.50%"
"2021- 09- 26","63.42","69.11","69.70","60.42","546.37M","-10.54%"
"2021- 09- 19","70.89","67.71","71.29","64.00","405.43M","-0.32%"
"2021- 09- 12","71.12","74.14","74.39","70.48","323.24M","-2.27%"
"2021- 09- 05","72.78","75.78","76.44","72.56","233.11M","-3.90%"
"2021- 08- 29","75.72","73.00","76.41","72.97","233.61M","4.38%"
"2021- 08- 22","72.55","68.51","72.80","68.50","222.34M","6.85%"
"2021- 08- 15","67.90","67.97","68.71","63.72","353.73M","-0.98%"
"2021- 08- 08","68.57","68.46","69.06","66.12","210.34M","0.52%"
"2021- 08- 01","68.21","67.27","69.24","64.93","248.23M","2.78%"
"2021- 07- 25","66.37","68.01","68.79","63.92","305.23M","-2.80%"
"2021- 07- 18","68.28","60.90","68.56","59.83","302.22M","8.79%"
"2021- 07- 11","62.76","65.40","67.04","62.58","303.61M","-2.80%"
"2021- 07- 04","64.57","63.72","65.61","61.12","235.14M","1.92%"
"2021- 06- 27","63.36","59.38","63.58","59.37","210.62M","7.84%"
"2021- 06- 20","58.76","55.31","59.74","54.19","242.98M","6.45%"
"2021- 06- 13","55.19","54.82","57.04","52.76","312.96M","1.07%"
"2021- 06- 06","54.61","51.72","54.62","51.41","209.24M","5.04%"
"2021- 05- 30","51.99","51.92","52.19","48.69","199.62M","1.35%"
"2021- 05- 23","51.29","49.28","52.05","49.11","221.01M","6.37%"
"2021- 05- 16","48.22","47.26","49.97","43.67","364.74M","0.50%"
"2021- 05- 09","47.99","51.24","51.33","43.66","501.02M","-7.54%"
"2021- 05- 02","51.90","54.38","54.74","48.22","405.13M","-3.59%"
"2021- 04- 25","53.83","54.65","56.12","53.29","302.40M","-1.28%"
"2021- 04- 18","54.53","55.08","55.69","51.97","355.62M","-2.46%"
"2021- 04- 11","55.90","53.15","55.99","52.49","312.08M","4.23%"
"2021- 04- 04","53.63","49.10","53.73","48.99","296.60M","11.86%"
"2021- 03- 28","47.95","44.12","48.01","42.48","323.00M","8.18%"
"2021- 03- 21","44.33","44.15","46.61","40.83","487.15M","2.51%"
"2021- 03- 14","43.24","44.40","47.99","41.70","457.64M","-2.30%"
"2021- 03- 07","44.26","41.64","46.13","38.13","469.03M","5.68%"
"2021- 02- 28","41.88","46.68","48.84","37.51","642.82M","-6.12%"
"2021- 02- 21","44.61","50.27","50.90","43.13","451.08M","-14.88%"
"2021- 02- 14","52.41","55.48","55.93","51.14","199.44M","-4.80%"
"2021- 02- 07","55.06","53.48","55.15","51.73","221.32M","4.57%"
"2021- 01- 31","52.65","46.78","53.15","45.87","226.50M","16.39%"
"2021- 01- 24","45.24","51.88","52.53","44.38","353.67M","-10.00%"
"2021- 01- 17","50.26","45.36","51.07","44.90","208.63M","13.34%"
"2021- 01- 10","44.34","46.20","46.83","43.77","328.01M","-6.78%"
"2021- 01- 03","47.57","46.02","47.72","41.71","401.71M","4.66%"
"2020- 12- 27","45.45","44.79","45.85","44.01","224.86M","4.09%"
"2020- 12- 20","43.66","42.39","44.18","41.17","281.05M","0.18%"
"2020- 12- 13","43.58","40.81","44.48","40.79","375.14M","8.08%"
"2020- 12- 06","40.33","41.97","43.17","38.81","423.00M","-3.75%"
"2020- 11- 29","41.90","39.43","42.05","37.65","393.05M","6.60%"
"2020- 11- 22","39.30","36.46","39.77","35.19","278.34M","8.97%"
"2020- 11- 15","36.07","36.19","37.34","35.49","420.06M","-0.60%"
"2020- 11- 08","36.28","38.92","39.60","32.59","710.12M","-4.13%"
"2020- 11- 01","37.85","29.95","38.14","28.40","740.58M","28.91%"
"2020- 10- 25","29.36","33.94","34.99","28.39","824.56M","-15.69%"
"2020- 10- 18","34.83","37.01","37.38","33.37","612.54M","-4.00%"
"2020- 10- 11","36.28","37.10","39.68","35.49","676.56M","2.83%"
"2020- 10- 04","35.28","32.12","35.35","31.29","587.35M","12.22%"
"2020- 09- 27","31.43","32.32","34.52","31.08","756.55M","2.67%"
"2020- 09- 20","30.61","27.81","31.28","27.02","897.70M","5.13%"
"2020- 09- 13","29.12","31.75","33.86","27.69","893.49M","-4.30%"
"2020- 09- 06","30.43","31.24","34.60","29.20","784.46M","-14.07%"
"2020- 08- 30","35.41","39.63","43.92","30.97","834.06M","-10.19%"
"2020- 08- 23","39.43","36.55","39.97","35.11","572.18M","11.60%"
"2020- 08- 16","35.33","32.47","35.50","32.42","399.44M","10.81%"
"2020- 08- 09","31.88","31.82","32.79","29.35","610.22M","0.43%"
"2020- 08- 02","31.75","30.56","32.98","30.51","540.31M","6.37%"
"2020- 07- 26","29.84","27.15","29.88","26.84","681.41M","12.32%"
"2020- 07- 19","26.57","28.20","30.92","25.25","734.48M","-4.96%"
"2020- 07- 12","27.96","30.51","31.49","25.85","866.43M","-5.34%"
"2020- 07- 05","29.54","26.83","29.61","26.82","629.20M","14.39%"
"2020- 06- 28","25.82","22.30","26.47","21.57","495.64M","15.43%"
"2020- 06- 21","22.37","23.48","25.66","22.23","762.75M","-4.73%"
"2020- 06- 14","23.48","20.27","24.31","20.01","771.50M","10.75%"
"2020- 06- 07","21.20","22.40","24.81","20.11","764.92M","-5.66%"
"2020- 05- 31","22.47","20.51","22.63","20.41","612.36M","8.60%"
"2020- 05- 24","20.69","20.76","20.83","18.34","628.33M","4.48%"
"2020- 05- 17","19.81","19.00","20.48","18.81","688.42M","8.68%"
"2020- 05- 10","18.22","18.37","19.53","16.53","930.34M","-2.54%"
"2020- 05- 03","18.70","15.63","18.74","15.52","676.84M","17.76%"
"2020- 04- 26","15.88","16.80","17.62","15.63","881.94M","-2.44%"
"2020- 04- 19","16.27","16.30","16.88","14.08","962.81M","-2.44%"
"2020- 04- 12","16.68","13.50","17.02","13.27","1.19B","22.06%"
"2020- 04- 05","13.67","11.78","14.18","11.59","1.12B","28.88%"
"2020- 03- 29","10.60","11.40","12.88","10.15","1.35B","-4.33%"
"2020- 03- 22","11.09","8.98","12.50","8.07","1.85B","24.87%"
"2020- 03- 15","8.88","10.11","12.15","8.18","1.93B","-37.53%"
"2020- 03- 08","14.21","15.38","17.73","11.10","1.24B","-26.03%"
"2020- 03- 01","19.21","19.82","22.88","17.75","1.00B","-0.21%"
"2020- 02- 23","19.25","24.07","24.90","16.88","915.73M","-28.80%"
"2020- 02- 16","27.03","28.23","29.70","26.68","335.92M","-5.59%"
"2020- 02- 09","28.64","26.50","28.77","26.48","353.94M","7.03%"
"2020- 02- 02","26.75","23.78","27.20","23.73","378.12M","14.29%"
"2020- 01- 26","23.41","23.06","24.94","22.55","464.85M","-5.25%"
"2020- 01- 19","24.71","24.76","25.80","24.38","329.00M","-1.07%"
"2020- 01- 12","24.98","23.68","25.03","23.58","331.26M","6.78%"
"2020- 01- 05","23.39","21.57","23.87","21.49","344.11M","5.87%"
"2019- 12- 29","22.09","21.93","22.71","21.20","237.16M","0.64%"
"2019- 12- 22","21.95","21.50","22.26","21.31","138.55M","3.15%"
"2019- 12- 15","21.28","20.35","21.38","20.34","219.77M","6.60%"
"2019- 12- 08","19.97","19.27","20.18","18.92","313.55M","3.24%"
"2019- 12- 01","19.34","19.43","19.45","17.78","290.40M","-0.50%"
"2019- 11- 24","19.43","18.78","19.70","18.77","150.63M","4.77%"
"2019- 11- 17","18.55","18.78","19.12","18.20","267.48M","-1.34%"
"2019- 11- 10","18.80","18.14","18.83","18.06","258.18M","2.10%"
"2019- 11- 03","18.42","18.15","18.55","17.76","262.92M","3.50%"
"2019- 10- 27","17.79","17.22","17.80","16.87","287.98M","4.94%"
"2019- 10- 20","16.95","16.26","17.00","15.85","286.90M","5.99%"
"2019- 10- 13","16.00","15.81","16.72","15.75","315.02M","0.87%"
"2019- 10- 06","15.86","15.22","16.25","14.50","480.25M","3.29%"
"2019- 09- 29","15.35","15.15","15.84","13.73","481.45M","2.32%"
"2019- 09- 22","15.01","15.82","16.18","14.67","388.58M","-5.35%"
"2019- 09- 15","15.85","16.00","16.67","15.69","294.45M","-2.85%"
"2019- 09- 08","16.32","16.24","16.87","15.42","304.01M","1.37%"
"2019- 09- 01","16.10","14.82","16.28","14.53","236.11M","6.46%"
"2019- 08- 25","15.12","14.37","15.48","14.06","354.21M","8.44%"
"2019- 08- 18","13.94","15.37","15.70","13.77","402.02M","-5.41%"
"2019- 08- 11","14.74","14.82","15.85","13.77","567.22M","-2.32%"
"2019- 08- 04","15.09","14.48","15.56","13.42","632.18M","-2.19%"
"2019- 07- 28","15.43","17.49","17.49","15.15","483.21M","-11.92%"
"2019- 07- 21","17.52","16.56","17.60","16.56","291.17M","6.59%"
"2019- 07- 14","16.43","17.24","17.30","16.36","277.47M","-4.02%"
"2019- 07- 07","17.12","16.20","17.13","15.88","282.77M","3.74%"
"2019- 06- 30","16.50","16.33","16.61","15.85","205.20M","6.88%"
"2019- 06- 23","15.44","15.92","15.97","14.94","238.44M","-2.49%"
"2019- 06- 16","15.84","14.50","16.14","14.46","288.93M","9.93%"
"2019- 06- 09","14.41","14.34","15.09","14.25","303.30M","2.60%"
"2019- 06- 02","14.04","12.45","14.23","11.53","404.92M","11.85%"
"2019- 05- 26","12.56","13.64","13.85","12.53","285.93M","-7.10%"
"2019- 05- 19","13.52","14.10","14.51","13.28","386.34M","-8.12%"
"2019- 05- 12","14.71","14.12","15.45","13.57","453.90M","-3.76%"
"2019- 05- 05","15.28","15.83","16.66","14.31","504.38M","-9.52%"
"2019- 04- 28","16.89","16.82","16.99","15.81","293.74M","0.43%"
"2019- 04- 21","16.82","15.79","16.96","15.75","253.00M","5.19%"
"2019- 04- 14","15.99","15.62","16.14","15.31","191.99M","2.39%"
"2019- 04- 07","15.62","15.27","15.65","15.09","256.91M","1.76%"
"2019- 03- 31","15.35","14.57","15.42","14.43","314.49M","8.35%"
"2019- 03- 24","14.16","13.77","14.42","13.46","409.24M","1.63%"
"2019- 03- 17","13.94","13.84","14.97","13.76","458.23M","0.78%"
"2019- 03- 10","13.83","12.43","13.98","12.43","329.75M","12.55%"
"2019- 03- 03","12.29","13.24","13.33","11.89","390.58M","-5.59%"
"2019- 02- 24","13.02","13.00","13.09","12.45","288.76M","2.48%"
"2019- 02- 17","12.70","12.39","12.76","12.23","261.38M","1.54%"
"2019- 02- 10","12.51","11.94","12.63","11.69","336.45M","5.93%"
"2019- 02- 03","11.81","11.62","12.43","11.40","369.92M","1.77%"
"2019- 01- 27","11.60","10.75","11.93","10.36","370.43M","3.69%"
"2019- 01- 20","11.19","11.00","11.29","10.25","307.72M","-0.33%"
"2019- 01- 13","11.23","10.11","11.40","9.97","350.67M","8.24%"
"2019- 01- 06","10.37","9.62","10.54","9.53","449.38M","8.41%"
"2018- 12- 30","9.57","9.34","9.69","8.41","546.05M","5.66%"
"2018- 12- 23","9.06","8.00","9.53","7.58","600.26M","10.36%"
"2018- 12- 16","8.20","10.62","10.87","8.05","678.10M","-23.50%"
"2018- 12- 09","10.73","10.79","12.13","10.45","419.49M","-1.17%"
"2018- 12- 02","10.85","13.52","13.57","10.75","389.29M","-14.36%"
"2018- 11- 25","12.67","11.05","12.71","10.90","340.40M","19.58%"
"2018- 11- 18","10.60","12.23","12.29","10.18","280.74M","-14.62%"
"2018- 11- 11","12.41","13.13","13.20","11.55","384.54M","-7.40%"
"2018- 11- 04","13.40","13.02","14.39","12.44","303.44M","3.02%"
"2018- 10- 28","13.01","12.99","13.73","10.96","441.70M","4.62%"
"2018- 10- 21","12.44","14.35","14.65","11.87","446.69M","-11.79%"
"2018- 10- 14","14.10","14.36","15.44","13.81","352.75M","-2.81%"
"2018- 10- 07","14.51","15.96","16.40","12.96","428.71M","-10.38%"
"2018- 09- 30","16.19","18.13","18.29","15.70","241.70M","-8.98%"
"2018- 09- 23","17.78","16.78","18.00","16.56","143.72M","3.81%"
"2018- 09- 16","17.13","17.16","17.65","16.47","163.75M","-0.70%"
"2018- 09- 09","17.25","16.77","17.53","16.33","182.80M","4.45%"
"2018- 09- 02","16.52","17.92","18.01","16.31","190.23M","-8.62%"
"2018- 08- 26","18.08","17.20","18.34","17.10","177.43M","6.79%"
"2018- 08- 19","16.92","16.34","16.97","16.00","166.47M","4.31%"
"2018- 08- 12","16.23","16.52","16.84","15.77","202.33M","-1.26%"
"2018- 08- 05","16.43","16.31","17.02","16.25","171.84M","0.61%"
"2018- 07- 29","16.33","15.74","16.35","14.83","215.10M","3.80%"
"2018- 07- 22","15.73","15.99","17.20","15.44","233.34M","-2.48%"
"2018- 07- 15","16.14","16.33","16.60","15.69","156.09M","-1.10%"
"2018- 07- 08","16.32","15.52","16.41","15.32","184.12M","6.84%"
"2018- 07- 01","15.27","13.91","15.32","13.82","140.18M","6.95%"
"2018- 06- 24","14.28","14.90","14.97","13.72","293.57M","-6.50%"
"2018- 06- 17","15.27","15.38","16.03","14.90","210.26M","-2.65%"
"2018- 06- 10","15.69","15.00","15.91","14.99","164.54M","4.32%"
"2018- 06- 03","15.03","14.73","15.43","14.70","152.68M","2.82%"
"2018- 05- 27","14.62","13.70","14.64","13.46","161.74M","5.29%"
"2018- 05- 20","13.89","13.67","14.04","13.21","235.54M","3.94%"
"2018- 05- 13","13.36","13.96","14.21","13.26","281.05M","-3.70%"
"2018- 05- 06","13.87","12.99","13.97","12.79","309.74M","8.41%"
"2018- 04- 29","12.80","12.28","12.89","11.54","401.88M","4.88%"
"2018- 04- 22","12.20","12.46","12.72","10.99","427.01M","-0.73%"
"2018- 04- 15","12.29","12.37","13.41","12.15","315.18M","1.42%"
"2018- 04- 08","12.12","11.41","12.55","11.30","400.09M","9.02%"
"2018- 04- 01","11.12","11.71","12.23","10.56","549.57M","-7.30%"
"2018- 03- 25","11.99","12.42","13.32","11.08","448.24M","2.49%"
"2018- 03- 18","11.70","14.37","14.37","11.70","421.20M","-20.72%"
"2018- 03- 11","14.76","15.46","15.88","14.72","318.88M","-3.60%"
"2018- 03- 04","15.31","13.36","15.31","13.20","343.61M","13.01%"
"2018- 02- 25","13.55","14.32","14.77","12.56","452.80M","-3.88%"
"2018- 02- 18","14.10","13.20","14.10","13.19","316.36M","5.55%"
"2018- 02- 11","13.35","11.73","13.79","11.44","406.08M","17.73%"
"2018- 02- 04","11.34","13.15","13.80","10.10","591.44M","-16.06%"
"2018- 01- 28","13.51","15.08","15.18","13.49","347.00M","-10.89%"
"2018- 01- 21","15.17","14.00","15.17","13.96","341.01M","8.08%"
"2018- 01- 14","14.03","13.84","14.09","13.34","213.49M","3.43%"
"2018- 01- 07","13.57","12.96","13.62","12.77","218.34M","4.65%"
"2017- 12- 31","12.96","11.74","12.99","11.66","164.68M","12.13%"
"2017- 12- 24","11.56","11.75","11.87","11.55","104.68M","-3.22%"
"2017- 12- 17","11.94","12.17","12.27","11.84","180.05M","0.10%"
"2017- 12- 10","11.93","11.32","11.98","11.31","205.60M","5.60%"
"2017- 12- 03","11.30","11.49","11.52","10.74","270.12M","0.24%"
"2017- 11- 26","11.27","11.67","11.78","10.77","317.25M","-3.54%"
"2017- 11- 19","11.69","11.20","11.69","11.11","110.44M","4.47%"
"2017- 11- 12","11.19","11.03","11.39","10.73","198.51M","0.36%"
"2017- 11- 05","11.15","11.04","11.34","10.80","233.96M","0.78%"
"2017- 10- 29","11.06","10.61","11.07","10.54","209.15M","3.95%"
"2017- 10- 22","10.64","10.21","10.70","9.66","215.05M","4.85%"
"2017- 10- 15","10.15","10.16","10.26","9.86","161.20M","0.61%"
"2017- 10- 08","10.09","9.99","10.12","9.81","157.73M","1.41%"
"2017- 10- 01","9.95","9.57","9.95","9.42","212.68M","4.46%"
"2017- 09- 24","9.52","9.21","9.54","8.89","247.37M","2.12%"
"2017- 09- 17","9.32","9.63","9.73","9.23","201.41M","-2.81%"
"2017- 09- 10","9.59","9.47","9.71","9.46","181.57M","3.55%"
"2017- 09- 03","9.26","9.52","9.59","9.14","186.18M","-3.67%"
"2017- 08- 27","9.62","8.93","9.73","8.68","217.40M","8.58%"
"2017- 08- 20","8.86","8.74","9.12","8.53","227.31M","1.55%"
"2017- 08- 13","8.72","9.12","9.45","8.62","277.64M","-2.16%"
"2017- 08- 06","8.91","9.28","9.58","8.69","263.23M","-3.40%"
"2017- 07- 30","9.23","9.36","9.40","9.04","202.18M","-0.58%"
"2017- 07- 23","9.28","9.34","9.70","8.97","251.25M","-0.61%"
"2017- 07- 16","9.34","9.00","9.40","8.87","242.23M","4.14%"
"2017- 07- 09","8.97","8.20","9.00","8.13","241.05M","9.82%"
"2017- 07- 02","8.16","8.28","8.31","7.84","195.83M","0.33%"
"2017- 06- 25","8.14","9.00","9.06","7.92","350.41M","-8.11%"
"2017- 06- 18","8.86","8.55","8.89","8.51","208.85M","6.50%"
"2017- 06- 11","8.32","8.37","8.75","8.12","333.49M","-3.37%"
"2017- 06- 04","8.61","9.26","9.34","8.22","268.16M","-7.11%"
"2017- 05- 28","9.26","8.82","9.27","8.72","154.72M","4.74%"
"2017- 05- 21","8.84","8.29","8.86","8.28","171.04M","7.46%"
"2017- 05- 14","8.23","8.40","8.58","7.89","239.94M","-1.97%"
"2017- 05- 07","8.40","8.22","8.40","8.17","157.07M","2.28%"
"2017- 04- 30","8.21","8.02","8.21","8.01","162.87M","3.33%"
"2017- 04- 23","7.94","7.60","8.00","7.57","169.01M","7.92%"
"2017- 04- 16","7.36","7.08","7.42","7.07","140.59M","4.87%"
"2017- 04- 09","7.02","7.31","7.38","7.01","131.59M","-3.60%"
"2017- 04- 02","7.28","7.37","7.53","7.20","136.77M","-0.94%"
"2017- 03- 26","7.35","6.92","7.41","6.87","157.25M","4.05%"
"2017- 03- 19","7.06","7.25","7.37","6.92","156.20M","-2.54%"
"2017- 03- 12","7.25","7.15","7.33","7.06","112.46M","1.28%"
"2017- 03- 05","7.16","7.03","7.20","6.96","104.24M","0.72%"
"2017- 02- 26","7.11","6.96","7.22","6.89","117.58M","1.63%"
"2017- 02- 19","6.99","6.97","7.06","6.85","111.60M","1.05%"
"2017- 02- 12","6.92","6.61","6.92","6.60","147.39M","5.70%"
"2017- 02- 05","6.55","6.26","6.57","6.24","112.35M","4.05%"
"2017- 01- 29","6.29","6.25","6.31","6.02","156.63M","-0.36%"
"2017- 01- 22","6.31","5.92","6.34","5.85","123.60M","6.24%"
"2017- 01- 15","5.94","5.88","6.03","5.83","110.72M","0.11%"
"2017- 01- 08","5.94","5.78","5.96","5.71","182.87M","3.02%"
"2017- 01- 01","5.76","5.40","5.81","5.35","160.67M","8.70%"
"2016- 12- 25","5.30","5.57","5.71","5.25","179.05M","-4.25%"
"2016- 12- 18","5.54","5.48","5.62","5.45","146.21M","1.51%"
"2016- 12- 11","5.45","5.32","5.61","5.26","313.95M","1.09%"
"2016- 12- 04","5.40","4.98","5.40","4.91","261.88M","10.05%"
"2016- 11- 27","4.90","5.29","5.41","4.84","293.36M","-7.82%"
"2016- 11- 20","5.32","5.16","5.37","5.16","136.21M","3.67%"
"2016- 11- 13","5.13","4.94","5.23","4.71","254.03M","3.94%"
"2016- 11- 06","4.94","4.91","5.28","4.73","378.19M","5.44%"
"2016- 10- 30","4.68","5.19","5.19","4.66","206.26M","-8.93%"
"2016- 10- 23","5.14","5.38","5.48","5.08","234.83M","-2.47%"
"2016- 10- 16","5.27","5.14","5.31","5.08","154.23M","2.53%"
"2016- 10- 09","5.14","5.41","5.47","4.99","228.92M","-3.56%"
"2016- 10- 02","5.33","5.34","5.42","5.25","213.96M","-0.56%"
"2016- 09- 25","5.36","5.23","5.41","5.16","217.65M","0.75%"
"2016- 09- 18","5.32","5.22","5.44","5.09","228.61M","2.70%"
"2016- 09- 11","5.18","4.70","5.21","4.69","290.71M","8.60%"
"2016- 09- 04","4.77","5.18","5.28","4.77","177.52M","-7.38%"
"2016- 08- 28","5.15","5.11","5.21","4.99","181.95M","0.78%"
"2016- 08- 21","5.11","5.15","5.27","5.02","186.43M","-1.16%"
"2016- 08- 14","5.17","5.19","5.27","5.07","170.03M","0.00%"
"2016- 08- 07","5.17","5.12","5.19","5.05","190.18M","0.98%"
"2016- 07- 31","5.12","4.93","5.15","4.79","279.63M","4.07%"
"2016- 07- 24","4.92","4.71","4.96","4.67","266.46M","4.24%"
"2016- 07- 17","4.72","4.51","4.74","4.50","226.43M","4.89%"
"2016- 07- 10","4.50","4.37","4.56","4.36","290.09M","4.17%"
"2016- 07- 03","4.32","4.02","4.33","3.90","290.35M","6.14%"
"2016- 06- 26","4.07","3.59","4.12","3.41","471.34M","10.60%"
"2016- 06- 19","3.68","4.08","4.19","3.65","391.51M","-6.60%"
"2016- 06- 12","3.94","4.12","4.19","3.91","349.27M","-5.97%"
"2016- 06- 05","4.19","4.34","4.40","4.14","253.43M","-3.01%"
"2016- 05- 29","4.32","4.35","4.38","4.24","236.84M","-0.23%"
"2016- 05- 22","4.33","3.93","4.33","3.89","290.56M","10.46%"
"2016- 05- 15","3.92","3.83","4.00","3.71","460.97M","2.62%"
"2016- 05- 08","3.82","3.84","4.04","3.78","351.40M","-0.26%"
"2016- 05- 01","3.83","3.88","3.98","3.71","359.97M","-0.78%"
"2016- 04- 24","3.86","4.18","4.27","3.76","370.65M","-8.75%"
"2016- 04- 17","4.23","4.39","4.54","4.12","351.31M","-4.51%"
"2016- 04- 10","4.43","4.29","4.51","4.12","338.00M","4.48%"
"2016- 04- 03","4.24","4.40","4.44","4.19","442.02M","-3.85%"
"2016- 03- 27","4.41","4.09","4.41","3.99","400.31M","8.89%"
"2016- 03- 20","4.05","4.05","4.18","3.97","272.35M","-0.25%"
"2016- 03- 13","4.06","3.89","4.10","3.88","400.89M","3.31%"
"2016- 03- 06","3.93","3.79","3.94","3.59","561.57M","2.08%"
"2016- 02- 28","3.85","3.61","3.93","3.53","589.76M","6.35%"
"2016- 02- 21","3.62","3.54","3.72","3.25","687.42M","4.93%"
"2016- 02- 14","3.45","3.24","3.57","3.18","580.69M","11.29%"
"2016- 02- 07","3.10","2.95","3.16","2.81","1.07B","-0.64%"
"2016- 01- 31","3.12","3.69","3.82","3.08","835.11M","-16.80%"
"2016- 01- 24","3.75","3.70","3.75","3.34","725.86M","0.54%"
"2016- 01- 17","3.73","3.57","3.73","3.06","719.46M","8.43%"
"2016- 01- 10","3.44","3.89","4.05","3.29","997.61M","-9.71%"
"2016- 01- 03","3.81","4.44","4.54","3.79","657.07M","-19.96%"
"2015- 12- 27","4.76","4.82","5.11","4.72","256.74M","-1.86%"
"2015- 12- 20","4.85","4.64","4.90","4.54","210.26M","7.06%"
"2015- 12- 13","4.53","4.63","5.07","4.43","507.44M","-1.74%"
"2015- 12- 06","4.61","5.19","5.20","4.60","524.29M","-11.00%"
"2015- 11- 29","5.18","5.13","5.28","4.76","365.81M","1.97%"
"2015- 11- 22","5.08","5.12","5.17","4.89","164.30M","-0.59%"
"2015- 11- 15","5.11","4.51","5.12","4.48","404.60M","12.80%"
"2015- 11- 08","4.53","5.12","5.14","4.52","343.25M","-12.55%"
"2015- 11- 01","5.18","5.02","5.27","4.99","329.28M","3.81%"
"2015- 10- 25","4.99","4.91","5.09","4.85","326.61M","1.63%"
"2015- 10- 18","4.91","4.33","4.97","4.27","474.59M","12.87%"
"2015- 10- 11","4.35","4.19","4.35","4.04","448.02M","4.57%"
"2015- 10- 04","4.16","3.97","4.19","3.89","579.24M","7.49%"
"2015- 09- 27","3.87","3.73","3.88","3.33","798.17M","2.38%"
"2015- 09- 20","3.78","4.13","4.20","3.71","642.76M","-6.90%"
"2015- 09- 13","4.06","4.10","4.43","3.98","492.22M","0.00%"
"2015- 09- 06","4.06","3.91","4.15","3.84","471.76M","9.73%"
"2015- 08- 30","3.70","4.04","4.11","3.53","601.94M","-9.98%"
"2015- 08- 23","4.11","3.13","4.15","2.72","833.73M","7.31%"
"2015- 08- 16","3.83","4.78","4.94","3.83","575.09M","-20.54%"
"2015- 08- 09","4.82","4.89","4.99","4.52","409.04M","0.42%"
"2015- 08- 02","4.80","5.03","5.16","4.68","375.98M","-4.38%"
"2015- 07- 26","5.02","4.83","5.09","4.74","322.02M","2.24%"
"2015- 07- 19","4.91","5.29","5.37","4.89","247.47M","-6.48%"
"2015- 07- 12","5.25","4.60","5.25","4.60","304.60M","17.19%"
"2015- 07- 05","4.48","4.45","4.58","4.27","407.77M","-1.32%"
"2015- 06- 28","4.54","4.55","4.63","4.37","348.84M","-3.81%"
"2015- 06- 21","4.72","4.90","4.95","4.66","274.32M","-1.26%"
"2015- 06- 14","4.78","4.52","4.89","4.44","358.90M","3.46%"
"2015- 06- 07","4.62","4.69","4.80","4.43","345.08M","-1.70%"
"2015- 05- 31","4.70","4.87","4.89","4.61","354.99M","-2.08%"
"2015- 05- 24","4.80","4.83","4.93","4.63","235.73M","-1.23%"
"2015- 05- 17","4.86","4.72","4.91","4.71","246.24M","2.32%"
"2015- 05- 10","4.75","4.64","4.80","4.40","392.60M","2.59%"
"2015- 05- 03","4.63","4.73","4.80","4.30","486.53M","-1.28%"
"2015- 04- 26","4.69","4.95","4.98","4.44","512.52M","-4.09%"
"2015- 04- 19","4.89","4.39","4.91","4.38","332.46M","13.19%"
"2015- 04- 12","4.32","4.56","4.63","4.27","328.42M","-5.05%"
"2015- 04- 05","4.55","4.15","4.55","4.13","329.54M","7.57%"
"2015- 03- 29","4.23","4.36","4.44","4.14","281.09M","-0.94%"
"2015- 03- 22","4.27","4.66","4.70","4.13","331.60M","-8.76%"
"2015- 03- 15","4.68","4.29","4.73","4.28","298.17M","10.38%"
"2015- 03- 08","4.24","4.53","4.58","4.16","424.45M","-5.78%"
"2015- 03- 01","4.50","4.66","4.77","4.47","288.07M","-3.02%"
"2015- 02- 22","4.64","4.64","4.71","4.59","250.63M","0.00%"
"2015- 02- 15","4.64","4.45","4.65","4.42","159.78M","4.27%"
"2015- 02- 08","4.45","3.96","4.45","3.94","305.45M","11.25%"
"2015- 02- 01","4.00","3.80","4.12","3.62","364.83M","5.82%"
"2015- 01- 25","3.78","4.14","4.16","3.65","454.25M","-8.92%"
"2015- 01- 18","4.15","3.83","4.19","3.70","290.22M","10.08%"
"2015- 01- 11","3.77","4.00","4.08","3.60","459.46M","-5.04%"
"2015- 01- 04","3.97","3.97","4.10","3.64","379.74M","-1.49%"
"2014- 12- 28","4.03","4.27","4.30","3.96","212.75M","-5.84%"
"2014- 12- 21","4.28","4.17","4.30","4.16","178.22M","2.15%"
"2014- 12- 14","4.19","4.03","4.24","3.66","486.56M","5.54%"
"2014- 12- 07","3.97","4.27","4.32","3.97","382.16M","-7.67%"
"2014- 11- 30","4.30","4.35","4.37","4.18","342.85M","-2.05%"
"2014- 11- 23","4.39","4.16","4.41","4.15","227.97M","6.30%"
"2014- 11- 16","4.13","4.02","4.22","3.96","327.24M","1.98%"
"2014- 11- 09","4.05","3.87","4.06","3.84","301.09M","4.92%"
"2014- 11- 02","3.86","3.86","3.91","3.76","313.42M","0.52%"
"2014- 10- 26","3.84","3.52","3.88","3.48","408.03M","8.47%"
"2014- 10- 19","3.54","2.98","3.55","2.96","447.91M","18.39%"
"2014- 10- 12","2.99","3.11","3.18","2.72","865.47M","-4.47%"
"2014- 10- 05","3.13","3.56","3.59","3.13","521.92M","-11.33%"
"2014- 09- 28","3.53","3.49","3.66","3.30","427.17M","-1.94%"
"2014- 09- 21","3.60","3.72","3.73","3.49","343.47M","-3.74%"
"2014- 09- 14","3.74","3.68","3.80","3.51","279.46M","1.91%"